{"DATE":-4.302946615e-17,"Wx":1.912420718e-17,"Wy":4.781051794e-18,"Day sin":-1.316656842e-17,"Day cos":9.711511457e-19,"Year sin":4.781051794e-18,"Year cos":1.912420718e-17,"Temp":-3.585788846e-18}