{"DATE":1262115644.9098227024,"Wx":-6.2964120291,"Wy":-0.835101918,"Day sin":0.0354838471,"Day cos":-0.1234388719,"Year sin":0.0132507469,"Year cos":0.1086146755,"Temp":12.1103475081}