{"DATE":171588533.0729326308,"Wx":21.2927165932,"Wy":15.3750091207,"Day sin":0.6940605069,"Day cos":0.7083701562,"Year sin":0.6987110046,"Year cos":0.7069899198,"Temp":6.610007395}